filename,best_fit,aic_transit,aic_sinusoidal,aic_linear,aic_step,rmse_transit,rmse_sinusoidal,rmse_linear,rmse_step
TIC_260128333_6_1.npz,T,-506.80860263980935,-503.1937589939368,-499.9414863777793,-504.6433652298997,1.0777320812149112,1.1938274640906077,1.2779647068648856,1.221392251414289
TIC_260128333_6_2.npz,T,-568.2578398335306,-524.3383897777367,-344.78788477865913,-522.2549803521838,0.9408142866476041,1.4019182939195631,2.41349401533505,1.3923580026411297
TIC_260128333_7_1.npz,A,-551.7942138408534,-556.3174312724701,-555.2521962470388,-554.8266258269703,0.813278837221259,0.8619065701343418,0.9462490905623403,0.9256409323552106
