filename,best_fit,aic_transit,aic_sinusoidal,aic_linear,aic_step,rmse_transit,rmse_sinusoidal,rmse_linear,rmse_step
TIC_260128333_6_1,A,-506.747815389229,-503.2140346521092,-499.981909237732,-505.2308156821148,1.0779055716377852,1.1949692920707116,1.2771138788384513,1.2022379181032137
TIC_260128333_6_2,T,-568.2977582840529,-524.3742047614736,-345.00132113601023,-523.325480253013,0.9401684386490325,1.400881429475741,2.4124928675948785,1.3425613796221834
TIC_260128333_7_1,A,-552.1299133491206,-556.4297999176318,-555.2225151503037,-554.8055462453092,0.8125932033460208,0.8608642814627482,0.9454653598611954,0.9204014886860719
